{
  "session_id": "290c8874-9135-4a87-b7e4-258e5ec57687",
  "created_at": 1761408024.392286,
  "last_accessed": 1761408024.5597901,
  "current_project_id": null,
  "projects": {},
  "data": {}
}