{
  "session_id": "47bd66f7-4c38-45f7-ab55-dba9da4e831d",
  "created_at": 1761447871.850813,
  "last_accessed": 1761447871.850813,
  "current_project_id": null,
  "projects": {},
  "data": {}
}