{
  "session_id": "93067ea8-eb52-46cb-94ad-3afc392e5dcc",
  "created_at": 1761408990.0361621,
  "last_accessed": 1761408990.0361621,
  "current_project_id": null,
  "projects": {},
  "data": {}
}