{
  "session_id": "c1360fc1-5b6b-451b-830a-4d85c95bf756",
  "created_at": 1761447871.8452532,
  "last_accessed": 1761447871.8452532,
  "current_project_id": null,
  "projects": {},
  "data": {}
}