{
  "session_id": "c58ee5c1-49c0-4540-a842-c690566f3865",
  "created_at": 1761408945.1704571,
  "last_accessed": 1761408945.319749,
  "current_project_id": null,
  "projects": {},
  "data": {}
}