{
  "session_id": "cc34f46f-c61f-4f86-93a6-65802c026ff8",
  "created_at": 1761447871.8497999,
  "last_accessed": 1761447871.8497999,
  "current_project_id": null,
  "projects": {},
  "data": {}
}