{
  "session_id": "131278e5-cf77-4eaa-80bb-29a9a411c557",
  "created_at": 1761393627.0772328,
  "last_accessed": 1761393627.0772328,
  "current_project_id": null,
  "projects": {},
  "data": {}
}