{
  "session_id": "463dfc25-61fb-43ea-9a72-ecade76dd2be",
  "created_at": 1761393732.763691,
  "last_accessed": 1761393732.763691,
  "current_project_id": null,
  "projects": {},
  "data": {}
}