{
  "session_id": "6b5d88df-0943-4d00-b838-d3a80ac882d7",
  "created_at": 1761393798.303471,
  "last_accessed": 1761393798.303471,
  "current_project_id": null,
  "projects": {},
  "data": {}
}