{
  "session_id": "8c5de208-7be7-43c2-b5de-366d75e6b235",
  "created_at": 1761393806.981927,
  "last_accessed": 1761393806.981927,
  "current_project_id": null,
  "projects": {},
  "data": {}
}